Æ·Àà,²Ö¿â1,²Ö¿â2,²Ö¿â3
1,warehouse98,warehouse43,warehouse66
31,warehouse71,warehouse63,warehouse88
61,warehouse111,warehouse119,warehouse10
91,warehouse75,warehouse117,warehouse103
121,warehouse1,warehouse125,warehouse25
151,warehouse69,warehouse49,warehouse4
181,warehouse122,warehouse64,warehouse62
211,warehouse35,warehouse50,warehouse47
241,warehouse88,warehouse128,warehouse99
271,warehouse17,warehouse126,warehouse19
301,warehouse23,warehouse33,warehouse26
331,warehouse39,warehouse104,warehouse35
